-- phpMyAdmin SQL Dump
-- version 5.1.1
-- https://www.phpmyadmin.net/
--
-- Host: 127.0.0.1
-- Generation Time: Sep 16, 2022 at 12:49 PM
-- Server version: 10.4.19-MariaDB
-- PHP Version: 8.0.7

SET SQL_MODE = "NO_AUTO_VALUE_ON_ZERO";
START TRANSACTION;
SET time_zone = "+00:00";


/*!40101 SET @OLD_CHARACTER_SET_CLIENT=@@CHARACTER_SET_CLIENT */;
/*!40101 SET @OLD_CHARACTER_SET_RESULTS=@@CHARACTER_SET_RESULTS */;
/*!40101 SET @OLD_COLLATION_CONNECTION=@@COLLATION_CONNECTION */;
/*!40101 SET NAMES utf8mb4 */;

--
-- Database: `company`
--

-- --------------------------------------------------------

--
-- Table structure for table `currencies`
--

CREATE TABLE `currencies` (
  `id` bigint(20) UNSIGNED NOT NULL,
  `currency` varchar(255) COLLATE utf8mb4_unicode_ci NOT NULL,
  `created_at` timestamp NULL DEFAULT NULL,
  `updated_at` timestamp NULL DEFAULT NULL
) ENGINE=InnoDB DEFAULT CHARSET=utf8mb4 COLLATE=utf8mb4_unicode_ci;

--
-- Dumping data for table `currencies`
--

INSERT INTO `currencies` (`id`, `currency`, `created_at`, `updated_at`) VALUES
(1, '$', '2022-09-13 09:27:33', NULL),
(2, '£', '2022-09-06 09:27:38', NULL);

-- --------------------------------------------------------

--
-- Table structure for table `migrations`
--

CREATE TABLE `migrations` (
  `id` int(10) UNSIGNED NOT NULL,
  `migration` varchar(255) COLLATE utf8mb4_unicode_ci NOT NULL,
  `batch` int(11) NOT NULL
) ENGINE=InnoDB DEFAULT CHARSET=utf8mb4 COLLATE=utf8mb4_unicode_ci;

--
-- Dumping data for table `migrations`
--

INSERT INTO `migrations` (`id`, `migration`, `batch`) VALUES
(1, '2014_10_12_100000_create_password_resets_table', 1),
(2, '2016_06_01_000001_create_oauth_auth_codes_table', 1),
(3, '2016_06_01_000002_create_oauth_access_tokens_table', 1),
(4, '2016_06_01_000003_create_oauth_refresh_tokens_table', 1),
(5, '2016_06_01_000004_create_oauth_clients_table', 1),
(6, '2016_06_01_000005_create_oauth_personal_access_clients_table', 1),
(11, '2022_09_06_144216_create_permissions_table', 3),
(14, '2022_09_12_104925_create_product_types_table', 6),
(15, '2022_09_12_105022_create_products_table', 7),
(16, '2022_09_12_150841_create_order_products_table', 8),
(17, '2022_09_05_084507_create_orders_table', 9),
(18, '2022_09_05_084210_create_user_table', 10),
(19, '2022_09_13_085507_create_currencies_table', 11),
(23, '2022_09_09_134357_create_warehouse_details_table', 12),
(24, '2022_09_14_103006_create_user_levels_table', 13),
(26, '2022_09_15_084319_create_user_accounts_table', 14);

-- --------------------------------------------------------

--
-- Table structure for table `oauth_access_tokens`
--

CREATE TABLE `oauth_access_tokens` (
  `id` varchar(100) COLLATE utf8mb4_unicode_ci NOT NULL,
  `user_id` bigint(20) UNSIGNED DEFAULT NULL,
  `client_id` bigint(20) UNSIGNED NOT NULL,
  `name` varchar(255) COLLATE utf8mb4_unicode_ci DEFAULT NULL,
  `scopes` text COLLATE utf8mb4_unicode_ci DEFAULT NULL,
  `revoked` tinyint(1) NOT NULL,
  `created_at` timestamp NULL DEFAULT NULL,
  `updated_at` timestamp NULL DEFAULT NULL,
  `expires_at` datetime DEFAULT NULL
) ENGINE=InnoDB DEFAULT CHARSET=utf8mb4 COLLATE=utf8mb4_unicode_ci;

--
-- Dumping data for table `oauth_access_tokens`
--

INSERT INTO `oauth_access_tokens` (`id`, `user_id`, `client_id`, `name`, `scopes`, `revoked`, `created_at`, `updated_at`, `expires_at`) VALUES
('000d37ef750cf6ec6bd4e57d6877e52910e41632cdb69edadc23f306aeded1057976f1eb9d2fc988', 1, 1, 'MyApp', '[]', 0, '2022-09-05 10:12:14', '2022-09-05 10:12:14', '2023-09-05 15:12:14'),
('002e97fc9fa8a785aa3769951bf57d4fa76904892594fd75dfb2f8262a2ff62be85e78bf14880b18', 1, 1, 'MyApp', '[]', 0, '2022-09-08 11:47:08', '2022-09-08 11:47:08', '2023-09-08 16:47:08'),
('018c39605495969af97c145019208a45c1238a72dfecc459b5000c7433282c3fd07b54f987d5220b', 1, 1, 'MyApp', '[]', 0, '2022-09-06 11:57:51', '2022-09-06 11:57:51', '2023-09-06 16:57:51'),
('01f332c97a29a466829628f8dc39b51d54727cf4cf4c26bbda5414a9da364e4b17423e73e3543a69', 1, 1, 'MyApp', '[]', 0, '2022-09-06 03:42:46', '2022-09-06 03:42:46', '2023-09-06 08:42:46'),
('0264180597e8f5b17aa4d192b08adc854120b69c32652af87011d9db4ad90c563a1794d40b26f47f', 2, 1, 'MyApp', '[]', 0, '2022-09-08 09:22:28', '2022-09-08 09:22:28', '2023-09-08 14:22:28'),
('036a4c887b8b91fe0d87de8f2eced80493cf6407e6dd2436d91f41be157338b6a7da4629552f5fd6', 1, 1, 'MyApp', '[]', 0, '2022-09-05 06:46:23', '2022-09-05 06:46:23', '2023-09-05 11:46:23'),
('04ef730370b7c16a1dd9c97414190d5f71347b662e52e6bd907872026a60a1246ad28c89036cd9fe', 1, 1, 'MyApp', '[]', 0, '2022-09-06 05:39:58', '2022-09-06 05:39:58', '2023-09-06 10:39:58'),
('055080870e71c3632225581bd6ecc5a1531850821e03f4bc871a0100e0651e7f9c5833c2184d14e6', 4, 1, 'MyApp', '[]', 0, '2022-09-08 09:28:30', '2022-09-08 09:28:30', '2023-09-08 14:28:30'),
('0681fc72baaf7d994c83e72b2b592a8a55e81c782f173a627cab6265a1372c7f8b7508aee8956ff8', 1, 1, 'MyApp', '[]', 0, '2022-09-09 06:55:27', '2022-09-09 06:55:27', '2023-09-09 11:55:27'),
('069f850ac29e3f06f4a9cb53f03d17eda20d3908c511f6f1b3e097b685082e278bc74257b48d8535', 1, 1, 'MyApp', '[]', 0, '2022-09-05 05:54:40', '2022-09-05 05:54:40', '2023-09-05 10:54:40'),
('06da9fd7dedb1880ffa7275083798613c66b4fa4438176e5bb12f722760ee2f7b8e997dff7b1f6f2', 1, 1, 'MyApp', '[]', 0, '2022-09-15 09:10:33', '2022-09-15 09:10:33', '2023-09-15 14:10:33'),
('075d21749da5bfecd322fd23c76ed9a17e51d7e4f3c4fab1a05d26aa7b6941ad3743191038532d3e', 1, 1, 'MyApp', '[]', 0, '2022-09-07 06:18:44', '2022-09-07 06:18:44', '2023-09-07 11:18:44'),
('081d481577116433911d040218993b83931bebb0238cad8610e4af138fa1794e75904b217f530164', 1, 1, 'MyApp', '[]', 0, '2022-09-06 05:38:31', '2022-09-06 05:38:31', '2023-09-06 10:38:31'),
('0adbe26e8961f4094fba7765627ea50af3d219cf0edd95eae9f38bb502695d4bbbd89ff84464c628', 1, 1, 'MyApp', '[]', 0, '2022-09-08 08:10:35', '2022-09-08 08:10:35', '2023-09-08 13:10:35'),
('0b25c52e6f501b1685fdb70a5b78e8ddd6f8390059cf779c19e48470f247d893cc5c20c06bc915c7', 1, 1, 'MyApp', '[]', 0, '2022-09-08 11:46:07', '2022-09-08 11:46:07', '2023-09-08 16:46:07'),
('0b9150413217a7225f081efe1e8041182d4ff87711408c20a548565dfd003c0247f1b3e55ca20efc', 4, 1, 'MyApp', '[]', 0, '2022-09-08 11:56:04', '2022-09-08 11:56:04', '2023-09-08 16:56:04'),
('0c16517c66d1d6cf8123bc8a189de1108f59252416f0677c2f172cec6f8027799922afa7a7f242eb', 1, 1, 'MyApp', '[]', 0, '2022-09-07 05:18:26', '2022-09-07 05:18:26', '2023-09-07 10:18:26'),
('0c960fbe653cff2572c9a94fbb133ddb96f010c26d1017fe4cc4855c1792ba577ff620ca5c0a47fd', 1, 1, 'MyApp', '[]', 0, '2022-09-09 12:11:57', '2022-09-09 12:11:57', '2023-09-09 17:11:57'),
('0d227277f999bd0faff8045ad4c1bf21c947887903038f7db3bb0f99a4eb6e6279d858e2814aeb20', 1, 1, 'MyApp', '[]', 0, '2022-09-07 03:06:19', '2022-09-07 03:06:19', '2023-09-07 08:06:19'),
('0d47d397e60dc1d44d3f79e7365396b15bf09ac1ddd231f828349c151cfe88a79fbf660c8b603a70', 1, 1, 'MyApp', '[]', 0, '2022-09-05 09:32:35', '2022-09-05 09:32:35', '2023-09-05 14:32:35'),
('0da59a1d76a4f5e2fdc3138222f8916a296f5093edc8f5a8a63da8ba116954659bad63207f4b0535', 1, 1, 'MyApp', '[]', 0, '2022-09-05 10:52:10', '2022-09-05 10:52:10', '2023-09-05 15:52:10'),
('0ee866628645b548258143a2a591eaa8ac41dd02aedfcb253bd00ff650936016084cc1bea2dd9f49', 1, 1, 'MyApp', '[]', 0, '2022-09-05 10:35:34', '2022-09-05 10:35:34', '2023-09-05 15:35:34'),
('0fcfe51c924c053dfcd403621360e5c27c47a0e106fc16514356c63883c0c10782cb0726124f0eba', 2, 1, 'MyApp', '[]', 0, '2022-09-09 06:08:50', '2022-09-09 06:08:50', '2023-09-09 11:08:50'),
('107a8150ee460acc13473ff524c393a1b8001384cdd315c75fee236b32f83a64d309381107fc380c', 1, 1, 'MyApp', '[]', 0, '2022-09-05 11:18:06', '2022-09-05 11:18:06', '2023-09-05 16:18:06'),
('10a4123b06dc427d9b5c811e0b73944803efd4fda311d4a7dc9743fbdf8ca85bf439f2ab0c1c3cdc', 1, 1, 'MyApp', '[]', 0, '2022-09-05 11:34:11', '2022-09-05 11:34:11', '2023-09-05 16:34:11'),
('112f17d27164cf6d48813d8d9ea620f25c58a38f52a71461ddcebcda0a6c78975b72fd268d0a9f60', 1, 1, 'MyApp', '[]', 0, '2022-09-05 06:47:07', '2022-09-05 06:47:07', '2023-09-05 11:47:07'),
('128efac9425036631436e01fed42c35f7c8eb1e5945e49648942d6b3a4d703d1d12df0525096b32b', 1, 1, 'MyApp', '[]', 0, '2022-09-05 11:17:31', '2022-09-05 11:17:31', '2023-09-05 16:17:31'),
('133e36700acb6358aeb496aaf1a781cbbd127b907ce1b68d82d52e5b36dfac30a9062d3eef7b4d90', 1, 1, 'MyApp', '[]', 0, '2022-09-06 08:26:42', '2022-09-06 08:26:42', '2023-09-06 13:26:42'),
('1564f8920bada668affcd2a9e64f6f0764c9dc37260a8a683ced68a9d7e524b101dccf4eff549fe1', 1, 1, 'MyApp', '[]', 0, '2022-09-16 05:12:30', '2022-09-16 05:12:30', '2023-09-16 10:12:30'),
('162918a7d977657d19a9f029137c530f635cf020153711bd91a7558c99a72da5433637a6686d7da4', 2, 1, 'MyApp', '[]', 0, '2022-09-13 03:10:58', '2022-09-13 03:10:58', '2023-09-13 08:10:58'),
('19e0f3fc2baff1e2137ae1988567e220afc73a14e7e1e8c4199218d9a7c651a8e22f1da2fe20f2f5', 1, 1, 'MyApp', '[]', 0, '2022-09-09 04:33:14', '2022-09-09 04:33:14', '2023-09-09 09:33:14'),
('1a2defed242ab55c6aa1124c27e54e78b4564de3174cd3d453fc68ff4f474b3ea55a14ce3f09e4aa', 1, 1, 'MyApp', '[]', 0, '2022-09-07 05:06:09', '2022-09-07 05:06:09', '2023-09-07 10:06:09'),
('1b0b66cfd6edcdb1960040443ec2607e8fd34d785847b3f645e67b8f8caec59c1e7a0fb37efe1786', 1, 1, 'MyApp', '[]', 0, '2022-09-05 08:53:36', '2022-09-05 08:53:36', '2023-09-05 13:53:36'),
('1d02bd00e6a268622d9331ee27efc04363e21ab6d32f8e27b52691f91561400a9df5e59e07c9a68d', 3, 1, 'MyApp', '[]', 0, '2022-09-14 08:31:09', '2022-09-14 08:31:09', '2023-09-14 13:31:09'),
('1d511b81b1f0ccb7a75fe207090a211aabae9f8fc778d824d81f6e96424f12dad91cf3e05a46f8cb', 1, 1, 'MyApp', '[]', 0, '2022-09-06 05:08:23', '2022-09-06 05:08:23', '2023-09-06 10:08:23'),
('1d96e461ec20aa1f37ad8c33191a11a352eac8f5ab9a08b5989aa4123b5c1a5fc05087c595fcf3f1', 1, 1, 'MyApp', '[]', 0, '2022-09-14 08:28:41', '2022-09-14 08:28:41', '2023-09-14 13:28:41'),
('1f2a8c570bc738176fa583936f5096cd716a684faf7a4d053a590cb7b077ee91f6c66242827cc522', 1, 1, 'MyApp', '[]', 0, '2022-09-14 08:17:52', '2022-09-14 08:17:52', '2023-09-14 13:17:52'),
('222d27d4b3470090dff16fba3df202b7ef28e46f1f18e295d5124cbc3fa9d0d09e19d7c345be561f', 1, 1, 'MyApp', '[]', 0, '2022-09-06 12:07:17', '2022-09-06 12:07:17', '2023-09-06 17:07:17'),
('23059dba800681895b0db49965946ac568d1278752e305a42332e633ecb06979537d9a24f3a36050', 2, 1, 'MyApp', '[]', 0, '2022-09-08 11:50:58', '2022-09-08 11:50:58', '2023-09-08 16:50:58'),
('230b386c8817b12ce3a8a8f871ea5cd2df91865a2112526b2073806e0d28d1e15d43e5e347eeb3ef', 1, 1, 'MyApp', '[]', 0, '2022-09-09 04:35:54', '2022-09-09 04:35:54', '2023-09-09 09:35:54'),
('241739ddfefe6ba4bacbe1266dc674ced5d4fa8b59c6438ba1b1f130a6e094bba06e14d5215827d8', 1, 1, 'MyApp', '[]', 0, '2022-09-09 06:11:19', '2022-09-09 06:11:19', '2023-09-09 11:11:19'),
('24b8f60268fc1eef60f0e5be20acbb049a865a254e4c0278755d6654f9af034bcc83f57d0246eeb3', 1, 1, 'MyApp', '[]', 0, '2022-09-06 04:01:52', '2022-09-06 04:01:52', '2023-09-06 09:01:52'),
('2645fdea8b5454c4e78f0fadf40b4cd5150b09f5fb1fa830239fe088bcf55b018d66722a3a7ec9bd', 1, 1, 'MyApp', '[]', 0, '2022-09-06 03:07:21', '2022-09-06 03:07:21', '2023-09-06 08:07:21'),
('2860a3dbcef0da7cb96846f72b3f4d8af648d0be96038a11531905417236317e71e850eb30cfa449', 1, 1, 'MyApp', '[]', 0, '2022-09-12 08:00:54', '2022-09-12 08:00:54', '2023-09-12 13:00:54'),
('286e930a01839257791f5dc6f83d7732d0d566cc87032a7bdde5e277a3edb251025a99f034c20899', 1, 1, 'MyApp', '[]', 0, '2022-09-08 06:11:19', '2022-09-08 06:11:19', '2023-09-08 11:11:19'),
('2942bca10c1bac450f90214d623af915d4ccab3e0bd9c91d51d8ac6ba4e6d8a8e7c9083acdef2784', 1, 1, 'MyApp', '[]', 0, '2022-09-09 03:04:28', '2022-09-09 03:04:28', '2023-09-09 08:04:28'),
('2bbe021229fcb54835c3949d5d30702e30dfbcc0c624d9b688d22e4f4a1ce1b8187fb1cd46777274', 1, 1, 'MyApp', '[]', 0, '2022-09-05 10:23:12', '2022-09-05 10:23:12', '2023-09-05 15:23:12'),
('2bdd546eb898ae42862b10121033b2ab622170b4f7f0d025e1638d02f086e44d0eb724341c69f500', 1, 1, 'MyApp', '[]', 0, '2022-09-16 05:42:58', '2022-09-16 05:42:58', '2023-09-16 10:42:58'),
('2cb9300a0f5fb52910d2884b1cb2e1e98232d11793a47c274641b353263da8839ddc5e406123c36e', 1, 1, 'MyApp', '[]', 0, '2022-09-05 09:33:05', '2022-09-05 09:33:05', '2023-09-05 14:33:05'),
('2f0e822a06068aba77ac5bf411c2a89abadaaaac50fe29b6851448c796c77c4b531131cecd5a2fcb', 1, 1, 'MyApp', '[]', 0, '2022-09-16 03:04:44', '2022-09-16 03:04:44', '2023-09-16 08:04:44'),
('2fddace4c20da8ed821ee8af079b8fedeb8d291053339968328fdbf27b3bd4fd1d71dbd6145dca3c', 4, 1, 'MyApp', '[]', 0, '2022-09-13 03:11:23', '2022-09-13 03:11:23', '2023-09-13 08:11:23'),
('3147401d2fc9eed53fe0f12746f6c55e2a33c6dd1065acb54e366243654c94e5674fa4904db46038', 2, 1, 'MyApp', '[]', 0, '2022-09-08 09:26:16', '2022-09-08 09:26:16', '2023-09-08 14:26:16'),
('33d99f0eb05615c509b718e9f5bf1dc4509e5ea9957f1ef07aa9b8349423827853dbe242dcb55cef', 1, 1, 'MyApp', '[]', 0, '2022-09-12 06:12:29', '2022-09-12 06:12:29', '2023-09-12 11:12:29'),
('342362a929a85c6e5f43ce8436286a7d6824c48e1891517e7e3e4b902e12f05f16afc08fed1919fc', 1, 1, 'MyApp', '[]', 0, '2022-09-05 05:39:12', '2022-09-05 05:39:12', '2023-09-05 10:39:12'),
('36e5cd3af21ff69a3c51d2c64c5625e38e80559c8c36acdb5b962c78f5a5d3103a6d9eba13f87aba', 1, 1, 'MyApp', '[]', 0, '2022-09-08 06:16:01', '2022-09-08 06:16:01', '2023-09-08 11:16:01'),
('389bb1592ba551d5c4700e71dc6b0c3291685e5b6d00722e09bc283f23cf08dc652b0e152f382562', 1, 1, 'MyApp', '[]', 0, '2022-09-08 11:49:05', '2022-09-08 11:49:05', '2023-09-08 16:49:05'),
('38c7a1753e7f2f27759afbecd9200ca929641fdbd0ed353e3e244260e0416e173627a7184b81722a', 1, 1, 'MyApp', '[]', 0, '2022-09-15 05:24:13', '2022-09-15 05:24:13', '2023-09-15 10:24:13'),
('3ac3a126e4e8c447d66ab96f429fa2f08d5f87f3cc7c5e01af65ccd19bc68a40d09ee786ee16fa34', 1, 1, 'MyApp', '[]', 0, '2022-09-15 05:24:41', '2022-09-15 05:24:41', '2023-09-15 10:24:41'),
('3b6f7a315a33029ac65b178c52a75f17ceddadede746ba4ffdcb49d32d32d9c10fbb524e0593e398', 1, 1, 'MyApp', '[]', 0, '2022-09-06 11:58:24', '2022-09-06 11:58:24', '2023-09-06 16:58:24'),
('3ed6526a11692ed1bc71832ea9d17be89f9f3ce067f471412d0a3243c4751fedff36e5b187057d1e', 4, 1, 'MyApp', '[]', 0, '2022-09-08 11:51:19', '2022-09-08 11:51:19', '2023-09-08 16:51:19'),
('3ed820214f9145879dff1c3cf7f095f5908868689e09b69b9bcba53e7019d0a80e4c1b816461dd3a', 1, 1, 'MyApp', '[]', 0, '2022-09-07 03:41:19', '2022-09-07 03:41:19', '2023-09-07 08:41:19'),
('3eec0628d67fa0180525f98cdbde7b09403bdd59566d544cd389f8196b1997bd9f8b537f8ef2aa11', 1, 1, 'MyApp', '[]', 0, '2022-09-06 05:39:30', '2022-09-06 05:39:30', '2023-09-06 10:39:30'),
('3f0f9fdb55e13330f3c7ba0937b52fa7003d48d78d4038703e3487af10911ee5dc78b776d81c251f', 1, 1, 'MyApp', '[]', 0, '2022-09-08 10:29:19', '2022-09-08 10:29:19', '2023-09-08 15:29:19'),
('4298ab72e7c22d002855a354b1b4cbf6d5625d464891b8d21f3e543ab20e335579974be9cefa8539', 1, 1, 'MyApp', '[]', 0, '2022-09-15 05:21:22', '2022-09-15 05:21:22', '2023-09-15 10:21:22'),
('444492922857cd70b1fd40c2ec1a13a70e8030934f23e3945bca48a80a664ea8eed5bf41b11c4ad5', 1, 1, 'MyApp', '[]', 0, '2022-09-05 09:51:36', '2022-09-05 09:51:36', '2023-09-05 14:51:36'),
('4628e879a22f809e7cc7c7a05110a6ec745a3726a289b852f10302374633b4b453683336dc58d4f0', 1, 1, 'MyApp', '[]', 0, '2022-09-07 10:30:00', '2022-09-07 10:30:00', '2023-09-07 15:30:00'),
('46a7a3751e32c38e87dec69c427b11c29896ea359f7614c68f9a5fdffe4ceb47274175c75455f880', 1, 1, 'MyApp', '[]', 0, '2022-09-05 12:04:44', '2022-09-05 12:04:44', '2023-09-05 17:04:44'),
('47fd754bc25746aa32196121710ebb3e0f9648a3fd09997e04f8d65d5fe59b90a6a4a3b975cb7c51', 1, 1, 'MyApp', '[]', 0, '2022-09-05 10:39:31', '2022-09-05 10:39:31', '2023-09-05 15:39:31'),
('49b31955cc5773fdf15a616a5b70798b8340da5a9e167e21cd1951c3d1f4a1843df5825a1a462809', 4, 1, 'MyApp', '[]', 0, '2022-09-13 03:11:58', '2022-09-13 03:11:58', '2023-09-13 08:11:58'),
('4b0ecb3d6ab7cc515d6d8362ccc34e700b5bf8a178f8c2f28deb2984563e91d09f50ed0a1da79b60', 1, 1, 'MyApp', '[]', 0, '2022-09-07 03:41:38', '2022-09-07 03:41:38', '2023-09-07 08:41:38'),
('4b63e0744aa2c64b39020a41b08d1ac24e9fdc399851baa7d0ce523b0a371bb1087e6433a8acbed4', 1, 1, 'MyApp', '[]', 0, '2022-09-08 09:20:38', '2022-09-08 09:20:38', '2023-09-08 14:20:38'),
('4bc680f40f77ab820b8eebc7f348d4c9b6792b3ac88ecec19299f788afb600526ed26b00048ba72a', 1, 1, 'MyApp', '[]', 0, '2022-09-05 10:14:32', '2022-09-05 10:14:32', '2023-09-05 15:14:32'),
('4caab757946227436c99a49f0e3fb48fa5631ab84c1be956566951a30fc45ad1e5fc8914bf386fa7', 1, 1, 'MyApp', '[]', 0, '2022-09-06 03:39:09', '2022-09-06 03:39:09', '2023-09-06 08:39:09'),
('4f291ae173d6cd86aa0875ff09d83ff68ca372027c7ab63be37322848caec075ab4a89e6adc37cd8', 1, 1, 'MyApp', '[]', 0, '2022-09-07 11:10:37', '2022-09-07 11:10:37', '2023-09-07 16:10:37'),
('4f9dbd1514e088d92d86374698bba9a90c93690699a96b8682e93a0d72735c740983fec7dc2b85f3', 1, 1, 'MyApp', '[]', 0, '2022-09-13 03:05:07', '2022-09-13 03:05:07', '2023-09-13 08:05:07'),
('502b8090c73f866742285349dfd90aef1b79e867e4b75560fbaa2c181b92910af91a567a1c1a9fe7', 1, 1, 'MyApp', '[]', 0, '2022-09-05 11:16:11', '2022-09-05 11:16:11', '2023-09-05 16:16:11'),
('5087db22e822d8dde14f14ed433f83f33645e4fd7a0f89234417ba5766c6700003348684e551272f', 2, 1, 'MyApp', '[]', 0, '2022-09-08 10:09:41', '2022-09-08 10:09:41', '2023-09-08 15:09:41'),
('5189a57347d65d33ed3cadd1aa99be1e005d89c095e62cd5d923c99a03c36ac6f065b69b57a4a0f4', 1, 1, 'MyApp', '[]', 0, '2022-09-12 10:25:47', '2022-09-12 10:25:47', '2023-09-12 15:25:47'),
('51a56f25160bf157a38a5ba9185455a1e9f7a6f570dce315400239d079d6d8116f2ccbe008711141', 1, 1, 'MyApp', '[]', 0, '2022-09-14 08:31:45', '2022-09-14 08:31:45', '2023-09-14 13:31:45'),
('51bbfd6cd9591b8dd83fa17d267ad900d4679379a1f108e545d472fabc31d1c6a825d52d8b067250', 1, 1, 'MyApp', '[]', 0, '2022-09-08 06:13:14', '2022-09-08 06:13:14', '2023-09-08 11:13:14'),
('52aa0c37610630b225a6efa19758eedb6141fa65d29f6626fa0d29bf4dee52a4cca906f6968babf9', 1, 1, 'MyApp', '[]', 0, '2022-09-08 09:56:02', '2022-09-08 09:56:02', '2023-09-08 14:56:02'),
('558c1403cbb1197867c7a0d577b19c27d81cc7834edb40bedbe720de9b67f62da1342b89f6b9ca07', 1, 1, 'MyApp', '[]', 0, '2022-09-14 08:30:22', '2022-09-14 08:30:22', '2023-09-14 13:30:22'),
('56bd080b703604a83e43ec5710b136d0fa5126f6907c64350fe77f971a182eacfcc18a86f6b60aae', 1, 1, 'MyApp', '[]', 0, '2022-09-14 08:25:05', '2022-09-14 08:25:05', '2023-09-14 13:25:05'),
('57b35ee8dd8b055b85363c4866373bb08d9d665b48b1876bf1968094a328c7cad330338aac3dc8e2', 1, 1, 'MyApp', '[]', 0, '2022-09-05 08:41:23', '2022-09-05 08:41:23', '2023-09-05 13:41:23'),
('57ceb1a223e19835bf51f210ab1ad0384f8ef4cf96a42e4a788c6c509a15aefa186f071933296470', 1, 1, 'MyApp', '[]', 0, '2022-09-09 09:12:03', '2022-09-09 09:12:03', '2023-09-09 14:12:03'),
('581aeed5fabdb8bc1dc2f3d6c7825975f9a9bc57e0ec9f750a39d204f7a68103625c2503c81303e3', 1, 1, 'MyApp', '[]', 0, '2022-09-05 10:24:50', '2022-09-05 10:24:50', '2023-09-05 15:24:50'),
('5869f84afdf971522e671d1a06b5a668e917e83d667674526834f24dd517b582d5bcb251784e0668', 1, 1, 'MyApp', '[]', 0, '2022-09-05 12:05:07', '2022-09-05 12:05:07', '2023-09-05 17:05:07'),
('5a088112ab510938ed57b294b87e5ee94793a7167cb6d9899c0c6442c9d2f7bb8f3096cf4dad4a42', 4, 1, 'MyApp', '[]', 0, '2022-09-08 10:27:05', '2022-09-08 10:27:05', '2023-09-08 15:27:05'),
('5a88dc72d6afd3a215c2092a54ed2ed2b79e358dd6b1902490fa61fe65e56706cd4d711deeb13334', 1, 1, 'MyApp', '[]', 0, '2022-09-05 05:38:47', '2022-09-05 05:38:47', '2023-09-05 10:38:47'),
('5b2672d5e1aa694cd4f8e48d7e225c34050424d83c1762a58c2063fa1649f3ff048b98fe2392402f', 1, 1, 'MyApp', '[]', 0, '2022-09-07 03:18:50', '2022-09-07 03:18:50', '2023-09-07 08:18:50'),
('5b860d18bf0aa8dc88ae6f67920e8638f93f2f164c727ac0272a82db3f960dc6e9da996396a312ce', 1, 1, 'MyApp', '[]', 0, '2022-09-05 10:26:37', '2022-09-05 10:26:37', '2023-09-05 15:26:37'),
('5c4f594d24841b6febce038d1b77b4627b8407a3204851116502073c582677374f277deff863c1d1', 1, 1, 'MyApp', '[]', 0, '2022-09-15 09:55:37', '2022-09-15 09:55:37', '2023-09-15 14:55:37'),
('5d97ea47015f1a867cee9ebcd701415aba783ad618aeb5ca3a8d07c9d5b84cc2c91049d741570f92', 1, 1, 'MyApp', '[]', 0, '2022-09-09 05:38:51', '2022-09-09 05:38:51', '2023-09-09 10:38:51'),
('5f3a9170a20ab30c08ea8f0b0681307a85b65a5faf6e4904f67adf6b4baf3744b60a94af5c222603', 1, 1, 'MyApp', '[]', 0, '2022-09-14 06:22:45', '2022-09-14 06:22:45', '2023-09-14 11:22:45'),
('5f4d4021eb59f4883001393ff95b08670dd7af3020c7fcce40ed6db5da1cb498baeea6cf52bc7207', 1, 1, 'MyApp', '[]', 0, '2022-09-06 03:55:53', '2022-09-06 03:55:53', '2023-09-06 08:55:53'),
('5fbf81cd2640ca13f45db3af83a2ba7b52cc1dfec035c7c6d37d197e2dcf23e121972a0c219cee5f', 1, 1, 'MyApp', '[]', 0, '2022-09-05 08:44:48', '2022-09-05 08:44:48', '2023-09-05 13:44:48'),
('61bc584064d5189c6ff25df62552e44d531c906a69529741998460e50cfd70230a8a9f334fb82a2e', 24, 1, 'MyApp', '[]', 0, '2022-09-15 10:37:53', '2022-09-15 10:37:53', '2023-09-15 15:37:53'),
('6294a2ebea258d83f875fae2d8ce6a051e336b8e49e8613dbf9010f2772052c35565b4b07d05c73a', 1, 1, 'MyApp', '[]', 0, '2022-09-09 06:30:19', '2022-09-09 06:30:19', '2023-09-09 11:30:19'),
('63045f2ea76a4eb1560f22e1fddec084e27629f3cc34808662cdc27802b4728c280d6359aa41a64f', 1, 1, 'MyApp', '[]', 0, '2022-09-05 10:50:34', '2022-09-05 10:50:34', '2023-09-05 15:50:34'),
('633c8eb21705a0b24cdfd20af6be40ac885e16b65405103d73cb631652e8e83fe0b9c21ad2f6463a', 1, 1, 'MyApp', '[]', 0, '2022-09-16 05:44:58', '2022-09-16 05:44:58', '2023-09-16 10:44:58'),
('6588a23d49c6b84268fc71a8ff1986f5d237331f45ca3e67437db51f3c796b0a1154fb48a5669a91', 4, 1, 'MyApp', '[]', 0, '2022-09-14 08:51:38', '2022-09-14 08:51:38', '2023-09-14 13:51:38'),
('65cc25b7b6713587b4dfc2ea0ce2ccacb3e482a3536afb670a7a534572ff475fdcb906471bc7b59a', 1, 1, 'MyApp', '[]', 0, '2022-09-12 09:25:00', '2022-09-12 09:25:00', '2023-09-12 14:25:00'),
('6817beaaf9fc38af8449c6537e10cf51c43cd9c69c2106f51eb2477839b62267da2de8169fb7738e', 4, 1, 'MyApp', '[]', 0, '2022-09-08 10:20:22', '2022-09-08 10:20:22', '2023-09-08 15:20:22'),
('6965f5930d2af15d6d492cc06b869ec16871b38f635e651f450ec810ffcf3b2d02191ecf35f3ccff', 1, 1, 'MyApp', '[]', 0, '2022-09-05 09:22:42', '2022-09-05 09:22:42', '2023-09-05 14:22:42'),
('69c0266925ecab3906794fdbb1fdac9557c9d830df7b6110080dc73354d1ff08cedd4788915604ad', 2, 1, 'MyApp', '[]', 0, '2022-09-08 10:26:38', '2022-09-08 10:26:38', '2023-09-08 15:26:38'),
('6aae3c9e63ebbe23f1f3eb756e38637bfa6a6f8e3827ecb339d04da98a0fda74d5d03ef9a5301ca8', 1, 1, 'MyApp', '[]', 0, '2022-09-07 05:05:13', '2022-09-07 05:05:13', '2023-09-07 10:05:13'),
('6d1c54dbd3a5ef54ad77ef1e6250f3f44dc969754b628302ccc9a0bf43d85973fed0a36fdd828d8a', 1, 1, 'MyApp', '[]', 0, '2022-09-07 12:12:44', '2022-09-07 12:12:44', '2023-09-07 17:12:44'),
('6dcffc0e48cb312f2ee6d968c14e019da08ec8723f71c9e3f920f014bfb88aad9e4db59c859d61fe', 1, 1, 'MyApp', '[]', 0, '2022-09-06 03:06:48', '2022-09-06 03:06:48', '2023-09-06 08:06:48'),
('6e4b925c5e40e023f1369260f89ca3bedb741870740f42b59cda2a157d4465b34910076b1d1c5349', 1, 1, 'MyApp', '[]', 0, '2022-09-13 04:35:03', '2022-09-13 04:35:03', '2023-09-13 09:35:03'),
('6fd6391474b849f7bb2150fdb1f529283677e2c6868d5b735e711101e5bdd3b678657f077db7cb2a', 1, 1, 'MyApp', '[]', 0, '2022-09-05 05:56:39', '2022-09-05 05:56:39', '2023-09-05 10:56:39'),
('70d6b875e43b68c6348d7f3841cf904d972f7a87ecde0f0dd5c0a9eb5853c762d899db31e76cd39c', 1, 1, 'MyApp', '[]', 0, '2022-09-05 09:30:04', '2022-09-05 09:30:04', '2023-09-05 14:30:04'),
('7132559eadc61705dbdbad8c38d2b2b2c522367d7985d84a560a779bd27d26184e7e80444514b1df', 1, 1, 'MyApp', '[]', 0, '2022-09-14 11:37:33', '2022-09-14 11:37:33', '2023-09-14 16:37:33'),
('7150238094fb591cf0a90bfaf20fc1c1ae7860a02a8c110b321749d2697bc930da9793b4de559ced', 1, 1, 'MyApp', '[]', 0, '2022-09-05 09:21:29', '2022-09-05 09:21:29', '2023-09-05 14:21:29'),
('7261496e143e47cdc321f7ad12d64e3a41c4b7fd427a6f5d97ef64fe09a283a44e4d5132296a8957', 1, 1, 'MyApp', '[]', 0, '2022-09-06 11:55:00', '2022-09-06 11:55:00', '2023-09-06 16:55:00'),
('73c623792b8622c0214bf551ae7a5665f9fc0b15d9b1dd46e6e06b2ccee796ec2d920d7ba6318aa9', 1, 1, 'MyApp', '[]', 0, '2022-09-05 10:23:14', '2022-09-05 10:23:14', '2023-09-05 15:23:14'),
('760875800633ecda167c7a587c435aece4cc522bf98f00b610b6889ae7a5a98f5ffb276300298f79', 1, 1, 'MyApp', '[]', 0, '2022-09-12 09:24:59', '2022-09-12 09:24:59', '2023-09-12 14:24:59'),
('76b7924d3246aa2b8f05bb181e7ded5063462eed08bda796fc9d2c46824201a5854fea8f9fa8e94f', 1, 1, 'MyApp', '[]', 0, '2022-09-13 06:39:42', '2022-09-13 06:39:42', '2023-09-13 11:39:42'),
('7767c82d2bccd2efe950351fbce817f0545e32f530d5e0d5c8d5000c95fb64aadc2cb561be5d73c3', 2, 1, 'MyApp', '[]', 0, '2022-09-09 06:12:54', '2022-09-09 06:12:54', '2023-09-09 11:12:54'),
('78c16e495299cbb3dd685283adf2196d58a767111ef0d1e347a126b3e8243510ea0a68f612b10dea', 1, 1, 'MyApp', '[]', 0, '2022-09-05 11:25:12', '2022-09-05 11:25:12', '2023-09-05 16:25:12'),
('7ade86648c7af60535cb36d94b40c94353c5203db23df44cb1937a76bea0ea7f5efab24ed95a756f', 1, 1, 'MyApp', '[]', 0, '2022-09-05 11:36:07', '2022-09-05 11:36:07', '2023-09-05 16:36:07'),
('7b3dd811152ca4c13da099fff3ca46cdb733b623f4b1eb20fbc848420cf65c0978653e8a7a0aefe7', 1, 1, 'MyApp', '[]', 0, '2022-09-06 03:07:09', '2022-09-06 03:07:09', '2023-09-06 08:07:09'),
('7b7db0adb6043d3713efe855d4fbdcb1a62a90775497e3266de672e1a2351e9fa8aea38a307c697d', 1, 1, 'MyApp', '[]', 0, '2022-09-07 04:35:50', '2022-09-07 04:35:50', '2023-09-07 09:35:50'),
('7e67c42aab72c46f64483dc7df22a1487383fb5669c9a80f2a762a095c1994309715855bff94aad6', 1, 1, 'MyApp', '[]', 0, '2022-09-08 11:44:32', '2022-09-08 11:44:32', '2023-09-08 16:44:32'),
('7eba3d9644f80290889e458e4ef019328d503c74222b7612847840dc520fd39ccd8ab1d4dbaac35d', 1, 1, 'MyApp', '[]', 0, '2022-09-05 08:43:40', '2022-09-05 08:43:40', '2023-09-05 13:43:40'),
('7ee587f994fdd51db23e6ef88e381dae34ad26ed3f827ce35e73379a604580cbfac46bb15a86f564', 1, 1, 'MyApp', '[]', 0, '2022-09-05 11:41:57', '2022-09-05 11:41:57', '2023-09-05 16:41:57'),
('807f73bd9b23bf6a5200b9f845d97ea7af87e73e2a36b2484553134a7eb6290a30834aac0a80ee1e', 1, 1, 'MyApp', '[]', 0, '2022-09-15 03:12:01', '2022-09-15 03:12:01', '2023-09-15 08:12:01'),
('8272eae980a709427f27686906a81de10db821c24b2fd016c7037c6b810645f3a4d66bfd8fd9f720', 1, 1, 'MyApp', '[]', 0, '2022-09-12 11:22:27', '2022-09-12 11:22:27', '2023-09-12 16:22:27'),
('83a83fae5b4101f10bffc9983bbedacaf83f6b3847f34866947b66c473ca5f56155b8396718bcf92', 1, 1, 'MyApp', '[]', 0, '2022-09-09 08:01:47', '2022-09-09 08:01:47', '2023-09-09 13:01:47'),
('861f39c672c1e35106063b706c34761f9aa7c7edaec16e0caca98d17e1e9f7ee674c4d52ccc2c7a5', 1, 1, 'MyApp', '[]', 0, '2022-09-05 10:23:42', '2022-09-05 10:23:42', '2023-09-05 15:23:42'),
('8670f48dc54ec773589002a83b4a6fa1a14ea93f2e665ed7390c2c160930a087c5ddd5e24712fe33', 1, 1, 'MyApp', '[]', 0, '2022-09-05 10:53:04', '2022-09-05 10:53:04', '2023-09-05 15:53:04'),
('8728d8724ee55c876240f1cdd71a422921fee7adb5b5a0a67ed8f8eef0b145f9c2dbd9c677336c9c', 1, 1, 'MyApp', '[]', 0, '2022-09-13 09:23:47', '2022-09-13 09:23:47', '2023-09-13 14:23:47'),
('8920a56bb07aa96bce8a469e861a4ba9a6e3a42437c572811149b0b575ec332f6c8e8b33387906c3', 1, 1, 'MyApp', '[]', 0, '2022-09-09 04:12:31', '2022-09-09 04:12:31', '2023-09-09 09:12:31'),
('897a581319779cabe1aa7e8552edecc00a9458b97efc6635d18b95f2a0261fc5599e94640d9c96e9', 1, 1, 'MyApp', '[]', 0, '2022-09-13 08:23:05', '2022-09-13 08:23:05', '2023-09-13 13:23:05'),
('8a3124d317c95535b872d77e6d6c520a95b03b9282f37ab656d3a5479fc8dd9ba5f11b868d5c6191', 1, 1, 'MyApp', '[]', 0, '2022-09-13 04:31:42', '2022-09-13 04:31:42', '2023-09-13 09:31:42'),
('8a97d90606ddc4e0be64ddbfc1b907f47ceb20cbf52aaf55a3563053301e6019774d7c0d5f546fb5', 1, 1, 'MyApp', '[]', 0, '2022-09-05 05:38:30', '2022-09-05 05:38:30', '2023-09-05 10:38:30'),
('8aa5ff80ec33277b4b31d63129c2e97abc4466d7340b4bc82773a8207980f9929363e4c93766515f', 1, 1, 'MyApp', '[]', 0, '2022-09-05 11:36:07', '2022-09-05 11:36:07', '2023-09-05 16:36:07'),
('8acd8cf37f58e07d1ae1523c72a27236ff5573a87b3b922edd6d3962ecf27444d262c44d67dcfbfd', 1, 1, 'MyApp', '[]', 0, '2022-09-12 11:21:57', '2022-09-12 11:21:57', '2023-09-12 16:21:57'),
('8af014e6f4292a7d0b20faa47c6e775f614045809af616552f939cd995333a855ceae8ba9a8ac0e3', 1, 1, 'MyApp', '[]', 0, '2022-09-05 11:10:54', '2022-09-05 11:10:54', '2023-09-05 16:10:54'),
('8dc885a4cb6c9423d8e52f4574492d4a2fc0030b7c912a130f0bf493611ce2264690216cd2901201', 1, 1, 'MyApp', '[]', 0, '2022-09-05 08:19:32', '2022-09-05 08:19:32', '2023-09-05 13:19:32'),
('8e7d373b6e7b3cca7e16285e97ad577a784aaace22cadbf8f6a018352b2f2bdcb99fba0af291e3ea', 1, 1, 'MyApp', '[]', 0, '2022-09-16 05:26:44', '2022-09-16 05:26:44', '2023-09-16 10:26:44'),
('8f484c1429cf5ea628d031c98a7b7bd6daea743ca910a6918f82499ddf77238305ba5c6b20c65d80', 1, 1, 'MyApp', '[]', 0, '2022-09-14 08:18:47', '2022-09-14 08:18:47', '2023-09-14 13:18:47'),
('91de416e09893033b4029ba4b8acdd23455cd82faaa58d368dc0903ae8ac4c194dd26f7f2efd203c', 1, 1, 'MyApp', '[]', 0, '2022-09-05 10:39:32', '2022-09-05 10:39:32', '2023-09-05 15:39:32'),
('93088bd77797a8f9172f42f6bb315e2cd18bc4eaab0381d998547ac44daf4a64a89099edcdc111e1', 1, 1, 'MyApp', '[]', 0, '2022-09-15 09:47:17', '2022-09-15 09:47:17', '2023-09-15 14:47:17'),
('93153c61fd0e0fb2552239a1e9b277fbb425681f436c2f093aea555a955a1207bc28a4783637ea7e', 1, 1, 'MyApp', '[]', 0, '2022-09-05 06:30:22', '2022-09-05 06:30:22', '2023-09-05 11:30:22'),
('94770b75da78a3e63b0d29de5b355e9e96c574ea6e8804350a418cd645e53187a2495c46ddfc089b', 1, 1, 'MyApp', '[]', 0, '2022-09-06 03:51:47', '2022-09-06 03:51:47', '2023-09-06 08:51:47'),
('94b433e9698e55a5283d2dce53b3b868b67dad7bd1f9cdc9f844cd0ca87ec6b614520ab61073f075', 1, 1, 'MyApp', '[]', 0, '2022-09-15 10:43:48', '2022-09-15 10:43:48', '2023-09-15 15:43:48'),
('957c2b2f5c78e521d0dfa469a911a9412b1829743d71b1e61b229e345d395b6f7e04281c1a603cdf', 1, 1, 'MyApp', '[]', 0, '2022-09-07 11:52:51', '2022-09-07 11:52:51', '2023-09-07 16:52:51'),
('96ba7ccaa56b0253049a07a77d8e6cd86831e3231f17130c9e1fa484d3df8bced89c5bf9449dc7f1', 1, 1, 'MyApp', '[]', 0, '2022-09-07 11:10:37', '2022-09-07 11:10:37', '2023-09-07 16:10:37'),
('997a5852ac394afedee4075aca20d1a103c449f5fbaa34feb73e29266a5fa85291130394648d4fad', 1, 1, 'MyApp', '[]', 0, '2022-09-05 09:51:40', '2022-09-05 09:51:40', '2023-09-05 14:51:40'),
('9db567e351a681e6684d9e681fdb585f96add11f228a390dec9d697158cb5654f7adb180aabcd165', 1, 1, 'MyApp', '[]', 0, '2022-09-06 12:06:58', '2022-09-06 12:06:58', '2023-09-06 17:06:58'),
('a006eb660b2d8a6de566f70c46c756e4cc219f73129f9676ac56720aa7aff40b8764b914729743ab', 1, 1, 'MyApp', '[]', 0, '2022-09-05 08:43:40', '2022-09-05 08:43:40', '2023-09-05 13:43:40'),
('a0d680a416214863a49d94ce2c144bdc5367b95cd91d93f055a090c5e40ce744b6e1fcbea4d5d5df', 24, 1, 'MyApp', '[]', 0, '2022-09-14 06:22:34', '2022-09-14 06:22:34', '2023-09-14 11:22:34'),
('a19dcc92bad132e13c71a777d20f006ff1ee1ddcf6a7abfd2996c8285bb02f30f3c761e9cdc8c420', 1, 1, 'MyApp', '[]', 0, '2022-09-15 06:48:43', '2022-09-15 06:48:43', '2023-09-15 11:48:43'),
('a35596237a03658ff58d703c8a0fd16f2cba11dc75a9ef97c719ba652e687cf88f347d8fe735ded0', 1, 1, 'MyApp', '[]', 0, '2022-09-07 04:17:31', '2022-09-07 04:17:31', '2023-09-07 09:17:31'),
('a86033beb1006f2267e76e17186c65b88c27885241680cc372acb3e55c51384a306b4a4b789175ae', 1, 1, 'MyApp', '[]', 0, '2022-09-05 10:25:52', '2022-09-05 10:25:52', '2023-09-05 15:25:52'),
('a878c0b053c0b13fae15ec122de34d2b100567ecc5de2e699155835704cacc9ff15702aaef98a9e9', 1, 1, 'MyApp', '[]', 0, '2022-09-05 10:57:53', '2022-09-05 10:57:53', '2023-09-05 15:57:53'),
('ac052be798e9e9ff863d62dbf89b16713d11002a586cfde753ba84832b8d75515a6b7455afb7146e', 1, 1, 'MyApp', '[]', 0, '2022-09-05 10:13:18', '2022-09-05 10:13:18', '2023-09-05 15:13:18'),
('ae6cf1dd65ac92ef008b8fe286411846861eed397f0cbf695b50301f49dea5038ba062c88167d793', 24, 1, 'MyApp', '[]', 0, '2022-09-14 08:31:25', '2022-09-14 08:31:25', '2023-09-14 13:31:25'),
('affe16115e1ea37a8639beb7dc5284d9b849973a7cc4a3c3c05462ae833e0cf8503182e46004630f', 1, 1, 'MyApp', '[]', 0, '2022-09-06 11:31:06', '2022-09-06 11:31:06', '2023-09-06 16:31:06'),
('b120e1e6cda29bcc0841697c22b55832d54121b8d383f8b9383671534f97c8b6641ed564326a4ed2', 1, 1, 'MyApp', '[]', 0, '2022-09-08 10:24:52', '2022-09-08 10:24:52', '2023-09-08 15:24:52'),
('b15007270485d5a7d20df6ac26dbdf79d5a9e4786a3c544583abafa0df405a1b66f9022a88d4bf2f', 1, 1, 'MyApp', '[]', 0, '2022-09-08 11:56:56', '2022-09-08 11:56:56', '2023-09-08 16:56:56'),
('b2cc0ff838f3ab4549f1e1c40c4840fd9e66cd3d93e383a71b8b068925792c83281a867be8e54a93', 1, 1, 'MyApp', '[]', 0, '2022-09-05 10:53:04', '2022-09-05 10:53:04', '2023-09-05 15:53:04'),
('b32ca2cd293760155ccbfdda10f38c50ce96677ee66d2d2f0d385ea76e3a684760f8675b620d221d', 1, 1, 'MyApp', '[]', 0, '2022-09-15 10:35:18', '2022-09-15 10:35:18', '2023-09-15 15:35:18'),
('b374325553996a6affa08cc1a11009d4263a34fb205fe531f649851c7fb468fcb1cefe4ab4f1a79c', 1, 1, 'MyApp', '[]', 0, '2022-09-05 08:53:39', '2022-09-05 08:53:39', '2023-09-05 13:53:39'),
('b50fb2e3302c641e4ab2f5fc46c0fb4208111c6136c01e5847de8354d5fdae7ef7c00dbb27ebc05d', 1, 1, 'MyApp', '[]', 0, '2022-09-05 10:49:42', '2022-09-05 10:49:42', '2023-09-05 15:49:42'),
('b58159e7dc4e84971425a71325c0ee41743c01001206bd40be488b4012ec4850ca6829e8ea972926', 1, 1, 'MyApp', '[]', 0, '2022-09-05 08:42:30', '2022-09-05 08:42:30', '2023-09-05 13:42:30'),
('b6ca4b65cc33c0396dd60a2a8f12a1b2bcab8487db02ce1c77e43b457aa81825c442e5656e1eaf2d', 1, 1, 'MyApp', '[]', 0, '2022-09-06 04:00:24', '2022-09-06 04:00:24', '2023-09-06 09:00:24'),
('b75db7bc094042e73b41a82964564e6c744706c9233ce4f495511b2c4cf4a8b4688d50dcb0097f08', 1, 1, 'MyApp', '[]', 0, '2022-09-13 05:41:32', '2022-09-13 05:41:32', '2023-09-13 10:41:32'),
('b77cdf425265be32ec2fe360e8eecf729560a6faf8b12f200815803b6b075e911d168a0b655f5e91', 1, 1, 'MyApp', '[]', 0, '2022-09-07 10:30:01', '2022-09-07 10:30:01', '2023-09-07 15:30:01'),
('b8107fe7e9aac7c42fa592f645935e781efbeb8a17f959f2e69d60f4f0607365c83d3ee3501afa37', 1, 1, 'MyApp', '[]', 0, '2022-09-05 11:16:11', '2022-09-05 11:16:11', '2023-09-05 16:16:11'),
('b88b4349d6dc4c443f565b8aa3a767a1575200656864a9e86752974d46a51145f13e2a14c3e958ee', 1, 1, 'MyApp', '[]', 0, '2022-09-08 11:31:01', '2022-09-08 11:31:01', '2023-09-08 16:31:01'),
('bab8aff5668d0205cdedc5feca980698cf14e23be48d4b62e2a984818ac3ad2077a75d1621519805', 1, 1, 'MyApp', '[]', 0, '2022-09-15 10:35:48', '2022-09-15 10:35:48', '2023-09-15 15:35:48'),
('bbc88f4be87f94d67a6a1166e515b649368c42705469c51a5b3f1123b732e52d35ab5bee95b17ab6', 3, 1, 'MyApp', '[]', 0, '2022-09-16 05:46:04', '2022-09-16 05:46:04', '2023-09-16 10:46:04'),
('bc9106919d7bb70f7ddbc5def7d1252755ecd3cae31fdc34c70c85c025d4476396e6c2d278560804', 1, 1, 'MyApp', '[]', 0, '2022-09-05 05:55:59', '2022-09-05 05:55:59', '2023-09-05 10:55:59'),
('bd373681fcaf1330f76a5017ba4320154cb3b21edc0add2d893ffa13a1930e05fe724ab8d2a0a701', 1, 1, 'MyApp', '[]', 0, '2022-09-05 10:47:54', '2022-09-05 10:47:54', '2023-09-05 15:47:54'),
('bd7bbce57928d046174146c8d1412981bd92f58d9328a13d2e766d040dd1257d3e792babde3e7ab7', 1, 1, 'MyApp', '[]', 0, '2022-09-05 11:20:04', '2022-09-05 11:20:04', '2023-09-05 16:20:04'),
('c129e18d2b5950399c933fc09667d984ac8f0bab5596917e240d574263a2abc0f86630f63f984d20', 1, 1, 'MyApp', '[]', 0, '2022-09-08 06:10:58', '2022-09-08 06:10:58', '2023-09-08 11:10:58'),
('c1b6ed51761527a9c89f0b69fbedbecbb6eb28d98b9e48059f4b56be45552e08138dcf94a4fd3251', 1, 1, 'MyApp', '[]', 0, '2022-09-15 05:24:40', '2022-09-15 05:24:40', '2023-09-15 10:24:40'),
('c1fe65e7e580e0093c30a5f5302b8fe00d5c5dbbf350d3ffc1b4fe021cd3b5e073dd1a4fad27cbe5', 1, 1, 'MyApp', '[]', 0, '2022-09-15 04:20:26', '2022-09-15 04:20:26', '2023-09-15 09:20:26'),
('c4ab48405802a72db610e5cb75537bfc8daafe77d06cc02a8aa2d2acaf7ede6973a3c4ccf8b43e2a', 1, 1, 'MyApp', '[]', 0, '2022-09-05 10:23:12', '2022-09-05 10:23:12', '2023-09-05 15:23:12'),
('c595f7c54b264a5cf6bade6267f1d37892a31e92301cbfaaea89e483ae59f768e2b7c4342c6f53ac', 1, 1, 'MyApp', '[]', 0, '2022-09-05 10:12:16', '2022-09-05 10:12:16', '2023-09-05 15:12:16'),
('c82030d868e1aeb1b9a32ec4a6a5c1ad65878fafd071be58c41c85b6ac9b1054297b4cf3b0536850', 1, 1, 'MyApp', '[]', 0, '2022-09-05 11:17:32', '2022-09-05 11:17:32', '2023-09-05 16:17:32'),
('ca66f8f5281fda8b067072805f23f324c9850f2264f92bdfad4b106b08b457b80a47e77e0eb12e2b', 1, 1, 'MyApp', '[]', 0, '2022-09-06 10:30:40', '2022-09-06 10:30:40', '2023-09-06 15:30:40'),
('cd40d87f522d7df13d08d5a975fdf81eae8e574dcb1685aaf634596560816721a8b1ec2b1437b1e4', 4, 1, 'MyApp', '[]', 0, '2022-09-13 03:18:22', '2022-09-13 03:18:22', '2023-09-13 08:18:22'),
('ceda1ad53f6f7031c77a5a250086445599988250f0bd618b189cf9d4f38fc88b820dff7bbfeb06e0', 1, 1, 'MyApp', '[]', 0, '2022-09-13 04:35:03', '2022-09-13 04:35:03', '2023-09-13 09:35:03'),
('cf057110e423e430cee974eefb3507b54dd2da5394fe34aa346fbaf248c1d5b754d42f2ec3c4ca29', 1, 1, 'MyApp', '[]', 0, '2022-09-13 10:26:26', '2022-09-13 10:26:26', '2023-09-13 15:26:26'),
('cf29ed78740786d97ab6b9bc69e2e59e14e83cf15d7888faeb08f9cb71c558f5f8091133906a323d', 1, 1, 'MyApp', '[]', 0, '2022-09-05 11:23:25', '2022-09-05 11:23:25', '2023-09-05 16:23:25'),
('cf4a0ae56478a5dda2ff8688952b1b0197ecce2269ace2b20761740ed9b8358c60436feee72dd0fa', 1, 1, 'MyApp', '[]', 0, '2022-09-05 12:16:41', '2022-09-05 12:16:41', '2023-09-05 17:16:41'),
('cf8e5a9f91228d488f9e31edb2e4f25dbeb50279ac82467db84aeffe77e03043c39c7e6dd404ffec', 4, 1, 'MyApp', '[]', 0, '2022-09-09 06:13:35', '2022-09-09 06:13:35', '2023-09-09 11:13:35'),
('d4261879b4b522f6aaa0155dd00c4dfc7d32045ae57fec50370fd0f9d9fbb3527cce11f8e7af55e4', 1, 1, 'MyApp', '[]', 0, '2022-09-05 09:21:28', '2022-09-05 09:21:28', '2023-09-05 14:21:28'),
('d4fc7f9251f805ee892143642b2caf1deb1f6f699500673f9519f0b8ec0020044771fa8e439c3ae2', 1, 1, 'MyApp', '[]', 0, '2022-09-05 08:53:37', '2022-09-05 08:53:37', '2023-09-05 13:53:37'),
('d55d22d90dd82bd095e594992a04eef954fe5932e9875ff03998b2b5fe7d73b150812a74fdc89aec', 1, 1, 'MyApp', '[]', 0, '2022-09-05 10:26:38', '2022-09-05 10:26:38', '2023-09-05 15:26:38'),
('d57a76295ae458013ec7b5a9ec2f9f1b569f0498b97659da1f1c782b476c5fb329826190680ec170', 1, 1, 'MyApp', '[]', 0, '2022-09-09 11:15:38', '2022-09-09 11:15:38', '2023-09-09 16:15:38'),
('d5a1c961280f02dd4f0d2a91e92917032dbf1e1c2198fb0fa2ae133eea3c53fbedc32cd0595d721a', 1, 1, 'MyApp', '[]', 0, '2022-09-05 08:22:31', '2022-09-05 08:22:31', '2023-09-05 13:22:31'),
('d61fb71720f65149af1be69d84368d11b844add591076cb86a9a9d6e921cf0abf637f6b126d7585e', 1, 1, 'MyApp', '[]', 0, '2022-09-05 11:12:38', '2022-09-05 11:12:38', '2023-09-05 16:12:38'),
('d641e29e6c78d911f499c6942a4068168f58f0fcd90bfa0ebf44e027583a52ee1a4532ad24b5381c', 1, 1, 'MyApp', '[]', 0, '2022-09-05 11:56:13', '2022-09-05 11:56:13', '2023-09-05 16:56:13'),
('d71381f243e14429fbf6802bb8b28f541a862776c6b76b5465bab7d7d2ccb6c0e29556edf9739d68', 1, 1, 'MyApp', '[]', 0, '2022-09-15 09:47:16', '2022-09-15 09:47:16', '2023-09-15 14:47:16'),
('d76c10b6b88fa14566e831f43ed97d2d64d5dda1c267101e7b60a7837a5d2f8db7ef22feedccaa93', 1, 1, 'MyApp', '[]', 0, '2022-09-15 12:05:00', '2022-09-15 12:05:00', '2023-09-15 17:05:00'),
('d9fd72b8219eda034fe5f191e5e45f8eafdd7c7489d5cf49d90bab5ec97dbf98d16b7285ed4c6e34', 4, 1, 'MyApp', '[]', 0, '2022-09-13 03:11:22', '2022-09-13 03:11:22', '2023-09-13 08:11:22'),
('da4061affadf55d86d0f3e10e88f3c3fac78887b4c5e398a01f10624b157f7b11133703ab93a5d93', 1, 1, 'MyApp', '[]', 0, '2022-09-05 11:41:56', '2022-09-05 11:41:56', '2023-09-05 16:41:56'),
('daeacc5bcac579986d926dacfab3c821b2c317486c6941976a61f186101fd5aa7d4f1b41e3aa0425', 1, 1, 'MyApp', '[]', 0, '2022-09-08 05:26:30', '2022-09-08 05:26:30', '2023-09-08 10:26:30'),
('dde894494cfd1f3552e543bb9fd6233b77b7c4c3ddec0cc8f974d9137b10f05e2a32b5bf9be255e3', 1, 1, 'MyApp', '[]', 0, '2022-09-06 03:57:10', '2022-09-06 03:57:10', '2023-09-06 08:57:10'),
('defdb1ba7e1d6e1629d8d092e4ce5152c9cc76c804613d5db88a27f8c11d4db9a74d646c382914fe', 1, 1, 'MyApp', '[]', 0, '2022-09-07 08:13:28', '2022-09-07 08:13:28', '2023-09-07 13:13:28'),
('df5d6fbd895cee0c42ab87c3deb285800ea1f51e4e26c847845da2e68bc519d5effe1dffbd3095c6', 4, 1, 'MyApp', '[]', 0, '2022-09-16 05:45:47', '2022-09-16 05:45:47', '2023-09-16 10:45:47'),
('dfc3e80391d304e410a2b5be302c9241fb9e51c205fc84d5009dd38eae33407aeb3d3fd96a43c403', 1, 1, 'MyApp', '[]', 0, '2022-09-12 11:22:27', '2022-09-12 11:22:27', '2023-09-12 16:22:27'),
('e09c5e103874a45328b95d3c8e8e742cfa154e5273f880692c24a2e46d8b711d62196b7663a12c00', 1, 1, 'MyApp', '[]', 0, '2022-09-13 03:19:07', '2022-09-13 03:19:07', '2023-09-13 08:19:07'),
('e2a64a1e300f4f60082cbaf3f776947db88d7d433bfa1abad48e69880fb5cdaabaf1ff9e6a42fe1e', 1, 1, 'MyApp', '[]', 0, '2022-09-05 11:52:55', '2022-09-05 11:52:55', '2023-09-05 16:52:55'),
('e2aec0517de8738c1c6b76ead04a1864630896a762c4181107f1a41d70cec6ea4ceae6ed3519feb1', 1, 1, 'MyApp', '[]', 0, '2022-09-05 08:54:00', '2022-09-05 08:54:00', '2023-09-05 13:54:00'),
('e3f99aba740643cf3512f6ed1a14806c6524741c93fc3614e76f7491dd66579df69ede4fd37b4191', 1, 1, 'MyApp', '[]', 0, '2022-09-09 10:14:08', '2022-09-09 10:14:08', '2023-09-09 15:14:08'),
('e722a57513e096d2bce25d166243db07192a0d33e9ac39ce6ddaa588a401817c5a155800acf339dc', 1, 1, 'MyApp', '[]', 0, '2022-09-05 10:36:31', '2022-09-05 10:36:31', '2023-09-05 15:36:31'),
('e8ca6a4eb5d262b0d131eff809107b680243f323329c91f265a02117f61b9d6acde68e9063735224', 1, 1, 'MyApp', '[]', 0, '2022-09-05 11:51:27', '2022-09-05 11:51:27', '2023-09-05 16:51:27'),
('e99f3e67664ce5c68978acea0b0b716c9b9e18061be74578ec1455dc8d0168c7f383a88a0747315f', 1, 1, 'MyApp', '[]', 0, '2022-09-14 09:35:16', '2022-09-14 09:35:16', '2023-09-14 14:35:16'),
('e9cacd7a6dfa5e26016cc268253476c49d356b1aecd632e7069c9313b841105b3a2beda0cda72b22', 1, 1, 'MyApp', '[]', 0, '2022-09-05 06:35:28', '2022-09-05 06:35:28', '2023-09-05 11:35:28'),
('ec37f8227ede340ee22a4012969e3be3a88b8ac9ed24ca93496d65f0d497cc4c388268140bbf68a8', 1, 1, 'MyApp', '[]', 0, '2022-09-05 08:41:23', '2022-09-05 08:41:23', '2023-09-05 13:41:23'),
('ec578aa2827ab0fd9cd8f23a60216ead8bd02c86ca75dd3630401f5167be6533cab2599d6f36e878', 1, 1, 'MyApp', '[]', 0, '2022-09-07 03:38:17', '2022-09-07 03:38:17', '2023-09-07 08:38:17'),
('eeee8355e5df415956f46d291193d35426cbf3622427d9ac0a4a0b244e423aa7588bb4b85f50d041', 1, 1, 'MyApp', '[]', 0, '2022-09-05 09:43:21', '2022-09-05 09:43:21', '2023-09-05 14:43:21'),
('ef580bec8aad087cfd6537024fa79beef774e842b173c765ce2e8cf3dcb45e1eb4506ef1350b1c4a', 1, 1, 'MyApp', '[]', 0, '2022-09-05 12:06:45', '2022-09-05 12:06:45', '2023-09-05 17:06:45'),
('f037bf5ce967afbbd1241400d8006b569d1f54521de59c1c7eb47e45d815f2614f1c161d9fbd68e5', 1, 1, 'MyApp', '[]', 0, '2022-09-05 10:36:31', '2022-09-05 10:36:31', '2023-09-05 15:36:31'),
('f0d46a8b41e3e595cfa36577c90c3237581d5fbb2e46afa08a2303eb8dd2656e9033b205eb7b65c5', 1, 1, 'MyApp', '[]', 0, '2022-09-15 11:44:27', '2022-09-15 11:44:27', '2023-09-15 16:44:27'),
('f2bfbec898fbb4a5352bca30834edf5db5b052ec7893211605eeb1e3bdfad3532ddf9419030b4601', 1, 1, 'MyApp', '[]', 0, '2022-09-05 08:19:31', '2022-09-05 08:19:31', '2023-09-05 13:19:31'),
('f2c00ae6b6ab8ce9d87d5c1791650dfc34b48d0a14fa898c86c66559110ca787c4b82a2d294165d9', 1, 1, 'MyApp', '[]', 0, '2022-09-05 11:47:18', '2022-09-05 11:47:18', '2023-09-05 16:47:18'),
('f2e1ea4b077c4f959beb54c0bcd5c0eda04a22f9f484c87adf6a3782eed24ff19f78a77f80325a41', 1, 1, 'MyApp', '[]', 0, '2022-09-07 04:15:07', '2022-09-07 04:15:07', '2023-09-07 09:15:07'),
('f4567508cfac9afbce9829583ab4e0839897c06cb38f5fcff42ec616142325dd728e338dbdaa581f', 1, 1, 'MyApp', '[]', 0, '2022-09-05 11:51:27', '2022-09-05 11:51:27', '2023-09-05 16:51:27'),
('f556554ff11d9fac3801f476624beb7a14097662f9c01f8b53f79d5bcb9168a68ee8093082c8e013', 1, 1, 'MyApp', '[]', 0, '2022-09-14 05:11:57', '2022-09-14 05:11:57', '2023-09-14 10:11:57'),
('f5ffa107f39bff29ea7a4fb413b50998912dd89acc979746fcb8442a478a5287b1f7b1ccc02ba692', 1, 1, 'MyApp', '[]', 0, '2022-09-05 11:20:05', '2022-09-05 11:20:05', '2023-09-05 16:20:05'),
('f63113b7f677d783e5dd45339af9abc768bb663998cdd97464eba78453ad70c48519347611f2c6e0', 1, 1, 'MyApp', '[]', 0, '2022-09-06 03:31:35', '2022-09-06 03:31:35', '2023-09-06 08:31:35'),
('f6a5a95b14bc853638a5125dc670096caba17bccf4ae1b2a827b806b2623f76dba1807026f28dfd5', 1, 1, 'MyApp', '[]', 0, '2022-09-05 10:35:34', '2022-09-05 10:35:34', '2023-09-05 15:35:34'),
('f6b190989051035e2802850a4e7c8d2c1a222cee48ca06c8f36d645bf98146ce44e672db9213f588', 1, 1, 'MyApp', '[]', 0, '2022-09-05 08:22:31', '2022-09-05 08:22:31', '2023-09-05 13:22:31'),
('f6b40dc180d2511ad157a1a7c315116e8c525448d240e3a5ff443c014b5a0e5913293f7e21947839', 1, 1, 'MyApp', '[]', 0, '2022-09-07 09:28:16', '2022-09-07 09:28:16', '2023-09-07 14:28:16'),
('f6ea7203d06239bce89918a7124b7d0565e40831d066258af4251d89fe5369e292e868f0addc930c', 1, 1, 'MyApp', '[]', 0, '2022-09-13 11:26:57', '2022-09-13 11:26:57', '2023-09-13 16:26:57'),
('f71246985eda7ee1eab2030948576dc2e648c34a2a04d8e50aab0ca11839dd0899411278c81e1b76', 1, 1, 'MyApp', '[]', 0, '2022-09-15 09:55:36', '2022-09-15 09:55:36', '2023-09-15 14:55:36'),
('f75ec63c230da49a1a4b792dac180b488a3b3ddc4cf1f3f5fd6ef5c171bd562d3d4848e39aa3cf5f', 1, 1, 'MyApp', '[]', 0, '2022-09-15 09:51:37', '2022-09-15 09:51:37', '2023-09-15 14:51:37'),
('f79fc7d24f550b9f2494dd4fcc47ce040e608ed4ad78f35cc577df6804c3290f920cf0bb6cd8552d', 1, 1, 'MyApp', '[]', 0, '2022-09-07 03:40:12', '2022-09-07 03:40:12', '2023-09-07 08:40:12'),
('f858c996a961a2ae2e2f68c2cc31338602543ab458db8f104b26af639f50823dcb9d0336c00f1cc3', 1, 1, 'MyApp', '[]', 0, '2022-09-05 06:01:29', '2022-09-05 06:01:29', '2023-09-05 11:01:29'),
('f860fb813b1b3ab046376f58f8034dffe2492b115388d56fb8ab01fb9643ef7d8d51e5881e206411', 2, 1, 'MyApp', '[]', 0, '2022-09-09 06:48:56', '2022-09-09 06:48:56', '2023-09-09 11:48:56'),
('f8d21e6a8ee4cf456dcf932149ad28c6dac854530e68223e26736840d8b04e1c5b46220dee00eb37', 1, 1, 'MyApp', '[]', 0, '2022-09-14 03:51:42', '2022-09-14 03:51:42', '2023-09-14 08:51:42'),
('f934c9938ed4491c7ff254caf748095683425b5b5141e5d4f8bd22b204cb96a716e388cac47b5733', 1, 1, 'MyApp', '[]', 0, '2022-09-05 08:44:48', '2022-09-05 08:44:48', '2023-09-05 13:44:48'),
('f9583d6c0ce88ebb6ded523613a95bfccfa18202eb026942253359fa9e4a46eb5c21857984b3a67c', 1, 1, 'MyApp', '[]', 0, '2022-09-05 11:38:03', '2022-09-05 11:38:03', '2023-09-05 16:38:03'),
('fe86d11bc4484ebacd0abdf6019c7b47795b3ad916edb3fdf6dfbf87e48f8bd2a9bead3e92b74747', 1, 1, 'MyApp', '[]', 0, '2022-09-15 08:02:22', '2022-09-15 08:02:22', '2023-09-15 13:02:22');

-- --------------------------------------------------------

--
-- Table structure for table `oauth_auth_codes`
--

CREATE TABLE `oauth_auth_codes` (
  `id` varchar(100) COLLATE utf8mb4_unicode_ci NOT NULL,
  `user_id` bigint(20) UNSIGNED NOT NULL,
  `client_id` bigint(20) UNSIGNED NOT NULL,
  `scopes` text COLLATE utf8mb4_unicode_ci DEFAULT NULL,
  `revoked` tinyint(1) NOT NULL,
  `expires_at` datetime DEFAULT NULL
) ENGINE=InnoDB DEFAULT CHARSET=utf8mb4 COLLATE=utf8mb4_unicode_ci;

-- --------------------------------------------------------

--
-- Table structure for table `oauth_clients`
--

CREATE TABLE `oauth_clients` (
  `id` bigint(20) UNSIGNED NOT NULL,
  `user_id` bigint(20) UNSIGNED DEFAULT NULL,
  `name` varchar(255) COLLATE utf8mb4_unicode_ci NOT NULL,
  `secret` varchar(100) COLLATE utf8mb4_unicode_ci DEFAULT NULL,
  `provider` varchar(255) COLLATE utf8mb4_unicode_ci DEFAULT NULL,
  `redirect` text COLLATE utf8mb4_unicode_ci NOT NULL,
  `personal_access_client` tinyint(1) NOT NULL,
  `password_client` tinyint(1) NOT NULL,
  `revoked` tinyint(1) NOT NULL,
  `created_at` timestamp NULL DEFAULT NULL,
  `updated_at` timestamp NULL DEFAULT NULL
) ENGINE=InnoDB DEFAULT CHARSET=utf8mb4 COLLATE=utf8mb4_unicode_ci;

--
-- Dumping data for table `oauth_clients`
--

INSERT INTO `oauth_clients` (`id`, `user_id`, `name`, `secret`, `provider`, `redirect`, `personal_access_client`, `password_client`, `revoked`, `created_at`, `updated_at`) VALUES
(1, NULL, 'Laravel Personal Access Client', 'RmF7zrb5YsGW47tjMaCvUYIADF6uAZs4YoQjyQwS', NULL, 'http://localhost', 1, 0, 0, '2022-09-05 05:37:57', '2022-09-05 05:37:57'),
(2, NULL, 'Laravel Password Grant Client', 'bpGL8Ll71iMHINYRMD5A9fWTRzUcy6nMR8H5yiqf', 'users', 'http://localhost', 0, 1, 0, '2022-09-05 05:37:57', '2022-09-05 05:37:57');

-- --------------------------------------------------------

--
-- Table structure for table `oauth_personal_access_clients`
--

CREATE TABLE `oauth_personal_access_clients` (
  `id` bigint(20) UNSIGNED NOT NULL,
  `client_id` bigint(20) UNSIGNED NOT NULL,
  `created_at` timestamp NULL DEFAULT NULL,
  `updated_at` timestamp NULL DEFAULT NULL
) ENGINE=InnoDB DEFAULT CHARSET=utf8mb4 COLLATE=utf8mb4_unicode_ci;

--
-- Dumping data for table `oauth_personal_access_clients`
--

INSERT INTO `oauth_personal_access_clients` (`id`, `client_id`, `created_at`, `updated_at`) VALUES
(1, 1, '2022-09-05 05:37:57', '2022-09-05 05:37:57');

-- --------------------------------------------------------

--
-- Table structure for table `oauth_refresh_tokens`
--

CREATE TABLE `oauth_refresh_tokens` (
  `id` varchar(100) COLLATE utf8mb4_unicode_ci NOT NULL,
  `access_token_id` varchar(100) COLLATE utf8mb4_unicode_ci NOT NULL,
  `revoked` tinyint(1) NOT NULL,
  `expires_at` datetime DEFAULT NULL
) ENGINE=InnoDB DEFAULT CHARSET=utf8mb4 COLLATE=utf8mb4_unicode_ci;

-- --------------------------------------------------------

--
-- Table structure for table `orders`
--

CREATE TABLE `orders` (
  `id` bigint(20) UNSIGNED NOT NULL,
  `title` varchar(255) COLLATE utf8mb4_unicode_ci NOT NULL,
  `description` varchar(600) COLLATE utf8mb4_unicode_ci NOT NULL,
  `type` int(11) NOT NULL,
  `status` int(11) NOT NULL,
  `created_by` bigint(20) UNSIGNED NOT NULL,
  `created_for` bigint(20) UNSIGNED NOT NULL,
  `created_at` timestamp NULL DEFAULT NULL,
  `updated_at` timestamp NULL DEFAULT NULL
) ENGINE=InnoDB DEFAULT CHARSET=utf8mb4 COLLATE=utf8mb4_unicode_ci;

--
-- Dumping data for table `orders`
--

INSERT INTO `orders` (`id`, `title`, `description`, `type`, `status`, `created_by`, `created_for`, `created_at`, `updated_at`) VALUES
(2, 'zzzzzz', 'rehthtr', 3, 1, 1, 2, '2022-09-12 11:07:17', '2022-09-12 11:07:17'),
(3, 'xyz', 'zzzzz', 3, 1, 1, 2, '2022-09-12 11:57:12', '2022-09-12 11:57:12'),
(4, 'qweqwe', 'vefvev', 3, 1, 1, 4, '2022-09-15 03:29:55', '2022-09-15 03:29:55');

-- --------------------------------------------------------

--
-- Table structure for table `order_products`
--

CREATE TABLE `order_products` (
  `id` bigint(20) UNSIGNED NOT NULL,
  `order_id` tinyint(4) NOT NULL,
  `product_id` tinyint(4) NOT NULL,
  `quantity` int(11) NOT NULL,
  `price` int(11) DEFAULT NULL,
  `created_at` timestamp NULL DEFAULT NULL,
  `updated_at` timestamp NULL DEFAULT NULL
) ENGINE=InnoDB DEFAULT CHARSET=utf8mb4 COLLATE=utf8mb4_unicode_ci;

--
-- Dumping data for table `order_products`
--

INSERT INTO `order_products` (`id`, `order_id`, `product_id`, `quantity`, `price`, `created_at`, `updated_at`) VALUES
(1, 2, 1, 44, NULL, '2022-09-12 11:07:17', '2022-09-12 11:07:17'),
(2, 3, 3, 22, NULL, '2022-09-12 11:57:12', '2022-09-12 11:57:12'),
(3, 4, 1, 213, NULL, '2022-09-15 03:29:55', '2022-09-15 03:29:55');

-- --------------------------------------------------------

--
-- Table structure for table `password_resets`
--

CREATE TABLE `password_resets` (
  `email` varchar(255) COLLATE utf8mb4_unicode_ci NOT NULL,
  `token` varchar(255) COLLATE utf8mb4_unicode_ci NOT NULL,
  `created_at` timestamp NULL DEFAULT NULL
) ENGINE=InnoDB DEFAULT CHARSET=utf8mb4 COLLATE=utf8mb4_unicode_ci;

-- --------------------------------------------------------

--
-- Table structure for table `permissions`
--

CREATE TABLE `permissions` (
  `id` bigint(20) UNSIGNED NOT NULL,
  `title` varchar(255) COLLATE utf8mb4_unicode_ci NOT NULL,
  `created_at` timestamp NULL DEFAULT NULL,
  `updated_at` timestamp NULL DEFAULT NULL
) ENGINE=InnoDB DEFAULT CHARSET=utf8mb4 COLLATE=utf8mb4_unicode_ci;

--
-- Dumping data for table `permissions`
--

INSERT INTO `permissions` (`id`, `title`, `created_at`, `updated_at`) VALUES
(1, 'manage_orders_access', '2022-09-06 14:53:08', '2022-09-06 14:53:08'),
(2, 'orders_access', '2022-09-06 14:53:08', '2022-09-06 14:53:08'),
(3, 'my_orders_access', '2022-09-06 14:53:08', '2022-09-06 14:53:08'),
(4, 'manage_products_access', '2022-09-12 11:15:34', NULL),
(5, 'manage_users_access', '2022-09-12 11:15:34', NULL);

-- --------------------------------------------------------

--
-- Table structure for table `products`
--

CREATE TABLE `products` (
  `id` bigint(20) UNSIGNED NOT NULL,
  `type_id` bigint(20) UNSIGNED NOT NULL,
  `name` varchar(255) COLLATE utf8mb4_unicode_ci NOT NULL,
  `width` varchar(255) COLLATE utf8mb4_unicode_ci NOT NULL,
  `length` varchar(255) COLLATE utf8mb4_unicode_ci NOT NULL,
  `weight` varchar(255) COLLATE utf8mb4_unicode_ci NOT NULL,
  `description` varchar(255) COLLATE utf8mb4_unicode_ci NOT NULL,
  `created_at` timestamp NULL DEFAULT NULL,
  `updated_at` timestamp NULL DEFAULT NULL
) ENGINE=InnoDB DEFAULT CHARSET=utf8mb4 COLLATE=utf8mb4_unicode_ci;

--
-- Dumping data for table `products`
--

INSERT INTO `products` (`id`, `type_id`, `name`, `width`, `length`, `weight`, `description`, `created_at`, `updated_at`) VALUES
(1, 2, 'test', '11', '22', '33', 'ergerg', '2022-09-12 09:27:44', '2022-09-13 11:55:21'),
(2, 2, 'test2', '10', '20', '30', 'ergerg', '2022-09-12 09:28:16', '2022-09-12 09:28:16'),
(3, 7, 'asd', '11', '22', '33', 'asd', '2022-09-12 11:56:22', '2022-09-12 11:56:22');

-- --------------------------------------------------------

--
-- Table structure for table `product_types`
--

CREATE TABLE `product_types` (
  `id` bigint(20) UNSIGNED NOT NULL,
  `type` varchar(255) COLLATE utf8mb4_unicode_ci NOT NULL,
  `created_at` timestamp NULL DEFAULT NULL,
  `updated_at` timestamp NULL DEFAULT NULL
) ENGINE=InnoDB DEFAULT CHARSET=utf8mb4 COLLATE=utf8mb4_unicode_ci;

--
-- Dumping data for table `product_types`
--

INSERT INTO `product_types` (`id`, `type`, `created_at`, `updated_at`) VALUES
(1, 'first', '2022-09-12 08:03:58', '2022-09-12 08:03:58'),
(2, 'second', '2022-09-12 08:04:45', '2022-09-12 08:04:45'),
(3, 'third', '2022-09-12 08:04:50', '2022-09-12 08:04:50'),
(4, 'fourth', '2022-09-12 08:06:01', '2022-09-12 08:06:01'),
(5, 'fifth', '2022-09-12 08:07:12', '2022-09-12 08:07:12'),
(7, 'test', '2022-09-12 11:55:50', '2022-09-12 11:55:50');

-- --------------------------------------------------------

--
-- Table structure for table `users`
--

CREATE TABLE `users` (
  `id` bigint(20) UNSIGNED NOT NULL,
  `name` varchar(255) COLLATE utf8mb4_unicode_ci NOT NULL,
  `email` varchar(255) COLLATE utf8mb4_unicode_ci NOT NULL,
  `password` varchar(255) COLLATE utf8mb4_unicode_ci NOT NULL,
  `address` varchar(255) COLLATE utf8mb4_unicode_ci NOT NULL,
  `city` varchar(255) COLLATE utf8mb4_unicode_ci NOT NULL,
  `province` varchar(255) COLLATE utf8mb4_unicode_ci NOT NULL,
  `country` varchar(255) COLLATE utf8mb4_unicode_ci NOT NULL,
  `postcode` varchar(255) COLLATE utf8mb4_unicode_ci NOT NULL,
  `phone` varchar(255) COLLATE utf8mb4_unicode_ci NOT NULL,
  `contact` varchar(255) COLLATE utf8mb4_unicode_ci NOT NULL,
  `currency_id` tinyint(4) NOT NULL,
  `user_level_id` tinyint(4) DEFAULT NULL,
  `status` tinyint(4) NOT NULL DEFAULT 1,
  `remember_token` varchar(100) COLLATE utf8mb4_unicode_ci DEFAULT NULL,
  `created_at` timestamp NULL DEFAULT NULL,
  `updated_at` timestamp NULL DEFAULT NULL
) ENGINE=InnoDB DEFAULT CHARSET=utf8mb4 COLLATE=utf8mb4_unicode_ci;

--
-- Dumping data for table `users`
--

INSERT INTO `users` (`id`, `name`, `email`, `password`, `address`, `city`, `province`, `country`, `postcode`, `phone`, `contact`, `currency_id`, `user_level_id`, `status`, `remember_token`, `created_at`, `updated_at`) VALUES
(1, 'john', 'admin@elasticsso.com', '$2y$10$Na.M./NAZJQQZ7qfb1qd5OKb.h9b.y1LBa.DHFm6Sw6f5OQFtzkza', 'asd', 'city anme', 'asd', 'asd', '1122', '12345667', '54322222123', 2, 1, 1, NULL, '2022-09-13 14:53:08', '2022-09-14 06:33:08'),
(3, 'john', 'supplier@gmail.com', '$2y$10$Na.M./NAZJQQZ7qfb1qd5OKb.h9b.y1LBa.DHFm6Sw6f5OQFtzkza', 'asd', 'asd', 'asd', 'asd', '1122', '12345667', '54322222123', 1, 2, 1, NULL, '2022-09-13 14:53:08', NULL),
(4, 'john again', 'customer@gmail.com', '$2y$10$Na.M./NAZJQQZ7qfb1qd5OKb.h9b.y1LBa.DHFm6Sw6f5OQFtzkza', 'xyz', 'xyz', 'xyz', 'xyz', '321321', '123123213213', '12312412434', 1, 3, 1, NULL, '2022-09-13 05:17:49', '2022-09-13 05:17:49'),
(21, 'Allen', 'Allen@elasticsso.com', '$2y$10$UhndOvq6wleSMBbTA80eDe47Xa3ckF7EGpiES22EGLZx8q84OtF/C', 'bbb', 'aaa', 'asd', 'xyz', '321321', '12321312', '131231231', 1, 2, 1, NULL, '2022-09-13 10:13:49', '2022-09-13 10:13:49'),
(22, 'James', 'James@elasticsso.com', '$2y$10$cPSnBbZ3AhoJvVgq7Od8W.kiVzEMIRtxUXutPuCQjvPTNQ4MWOkDi', 'bbb', 'aaa', 'asd', 'xyz', '321321', '12321312', '131231231', 1, 3, 1, NULL, '2022-09-13 10:15:20', '2022-09-13 10:15:20'),
(23, 'vendor', 'vendor@gmail.com', '$2y$10$ZpQAD9DghFMcLJ7xPs2Lu.VTam5lwZVj/98FTorfU5ZsNmYSaJ9m6', '3221321', '321', '321', 'asd', '321321', '123213', '123123', 1, 4, 0, NULL, '2022-09-14 06:00:34', '2022-09-14 06:00:34'),
(24, 'warehouse', 'warehouse@elasticsso.com', '$2y$10$VZPrGhElBv9xAUcYVembpuQmozdR8uez74zmYgsGpxMtUAa5g2a3y', '3221321', '321', '321', 'qwewq', '321321', '1231', '213213', 1, 5, 1, NULL, '2022-09-14 06:11:06', '2022-09-14 06:11:06'),
(28, 'test2', 'test2@elasticsso.com', '$2y$10$kWcSuczMEzwKXSZdFlG8zuj0iRSH20aIes/4AsgoXNEgv3ztPPv0S', '3221321', '321', '321', 'Allen', '321321', 'xyz', '23', 1, NULL, 0, NULL, '2022-09-15 06:01:31', '2022-09-15 10:45:10'),
(29, 'new user', 'newuser@elasticsso.com', '$2y$10$V75P8YOfENUGaddJKBM33.COATGbXjLT6/wdsmsuIwJmMkD2qd9aq', 'aaa', 'aaa', 'aaa', 'aaa', '321321', '123123123', '123123', 1, NULL, 1, NULL, '2022-09-15 11:46:24', '2022-09-15 11:46:24');

-- --------------------------------------------------------

--
-- Table structure for table `user_accounts`
--

CREATE TABLE `user_accounts` (
  `id` bigint(20) UNSIGNED NOT NULL,
  `user_id` bigint(20) UNSIGNED NOT NULL,
  `user_level_id` bigint(20) UNSIGNED NOT NULL,
  `created_at` timestamp NULL DEFAULT current_timestamp(),
  `updated_at` timestamp NULL DEFAULT NULL
) ENGINE=InnoDB DEFAULT CHARSET=utf8mb4 COLLATE=utf8mb4_unicode_ci;

--
-- Dumping data for table `user_accounts`
--

INSERT INTO `user_accounts` (`id`, `user_id`, `user_level_id`, `created_at`, `updated_at`) VALUES
(9, 24, 5, '2022-09-15 14:11:15', NULL),
(10, 23, 4, '2022-09-15 14:11:35', NULL),
(11, 1, 1, '2022-09-15 15:34:57', NULL),
(18, 29, 2, '2022-09-15 16:46:24', NULL),
(19, 29, 4, '2022-09-15 16:46:24', NULL),
(20, 28, 3, '2022-09-15 16:46:47', NULL),
(21, 28, 4, '2022-09-15 16:46:47', NULL),
(22, 4, 3, '2022-09-16 10:45:18', NULL),
(23, 3, 2, '2022-09-16 10:45:31', NULL);

-- --------------------------------------------------------

--
-- Table structure for table `user_levels`
--

CREATE TABLE `user_levels` (
  `id` bigint(20) UNSIGNED NOT NULL,
  `user_level` varchar(255) COLLATE utf8mb4_unicode_ci NOT NULL,
  `created_at` timestamp NULL DEFAULT NULL,
  `updated_at` timestamp NULL DEFAULT NULL
) ENGINE=InnoDB DEFAULT CHARSET=utf8mb4 COLLATE=utf8mb4_unicode_ci;

--
-- Dumping data for table `user_levels`
--

INSERT INTO `user_levels` (`id`, `user_level`, `created_at`, `updated_at`) VALUES
(1, 'company', '2022-09-14 10:35:09', NULL),
(2, 'supplier', '2022-09-14 10:35:13', NULL),
(3, 'customer', '2022-09-14 10:35:16', NULL),
(4, 'vendor', '2022-09-14 10:35:20', NULL),
(5, 'warehouse', '2022-09-14 10:35:23', NULL);

-- --------------------------------------------------------

--
-- Table structure for table `user_permissions`
--

CREATE TABLE `user_permissions` (
  `id` bigint(20) UNSIGNED NOT NULL,
  `user_level_id` tinyint(4) NOT NULL,
  `permission_id` bigint(20) UNSIGNED NOT NULL,
  `created_at` timestamp NULL DEFAULT NULL,
  `updated_at` timestamp NULL DEFAULT NULL
) ENGINE=InnoDB DEFAULT CHARSET=utf8mb4 COLLATE=utf8mb4_unicode_ci;

--
-- Dumping data for table `user_permissions`
--

INSERT INTO `user_permissions` (`id`, `user_level_id`, `permission_id`, `created_at`, `updated_at`) VALUES
(1, 1, 1, '2022-09-06 14:55:15', NULL),
(4, 2, 2, '2022-09-06 14:55:52', NULL),
(5, 3, 3, '2022-09-06 14:53:08', NULL),
(6, 1, 4, '2022-09-12 14:53:08', NULL),
(7, 1, 5, '2022-09-12 14:53:08', NULL);

-- --------------------------------------------------------

--
-- Table structure for table `warehouse_details`
--

CREATE TABLE `warehouse_details` (
  `id` bigint(20) UNSIGNED NOT NULL,
  `user_id` bigint(20) UNSIGNED NOT NULL,
  `name` varchar(255) COLLATE utf8mb4_unicode_ci NOT NULL,
  `w_email` varchar(255) COLLATE utf8mb4_unicode_ci NOT NULL,
  `country` varchar(255) COLLATE utf8mb4_unicode_ci NOT NULL,
  `province` varchar(255) COLLATE utf8mb4_unicode_ci NOT NULL,
  `city` varchar(255) COLLATE utf8mb4_unicode_ci NOT NULL,
  `address` varchar(255) COLLATE utf8mb4_unicode_ci NOT NULL,
  `location_index` int(11) NOT NULL,
  `postcode` varchar(255) COLLATE utf8mb4_unicode_ci NOT NULL,
  `phone` varchar(255) COLLATE utf8mb4_unicode_ci NOT NULL,
  `contact` varchar(255) COLLATE utf8mb4_unicode_ci NOT NULL,
  `created_at` timestamp NULL DEFAULT NULL,
  `updated_at` timestamp NULL DEFAULT NULL
) ENGINE=InnoDB DEFAULT CHARSET=utf8mb4 COLLATE=utf8mb4_unicode_ci;

--
-- Dumping data for table `warehouse_details`
--

INSERT INTO `warehouse_details` (`id`, `user_id`, `name`, `w_email`, `country`, `province`, `city`, `address`, `location_index`, `postcode`, `phone`, `contact`, `created_at`, `updated_at`) VALUES
(6, 4, 'My Warehouse', 'test1@yopmail.com', 'dwdwd', '321', '321', '3221321', 12321, '321321', '123123', '213213', '2022-09-13 09:25:57', '2022-09-15 11:40:53'),
(7, 4, 'Warehouse', 'test@yopmail.com', 'dwdwd', '321', '321', '3221321', 12321, '321321', '123123', '213213', '2022-09-13 09:31:06', '2022-09-15 11:45:26'),
(8, 22, 'abc', 'jameswhouse@gmail.com', 'asd', 'sss', 'ddd', 'zzz', 123123, '321321', '12123213', '12312321', '2022-09-13 10:15:20', '2022-09-13 10:15:20');

--
-- Indexes for dumped tables
--

--
-- Indexes for table `currencies`
--
ALTER TABLE `currencies`
  ADD PRIMARY KEY (`id`);

--
-- Indexes for table `migrations`
--
ALTER TABLE `migrations`
  ADD PRIMARY KEY (`id`);

--
-- Indexes for table `oauth_access_tokens`
--
ALTER TABLE `oauth_access_tokens`
  ADD PRIMARY KEY (`id`),
  ADD KEY `oauth_access_tokens_user_id_index` (`user_id`);

--
-- Indexes for table `oauth_auth_codes`
--
ALTER TABLE `oauth_auth_codes`
  ADD PRIMARY KEY (`id`),
  ADD KEY `oauth_auth_codes_user_id_index` (`user_id`);

--
-- Indexes for table `oauth_clients`
--
ALTER TABLE `oauth_clients`
  ADD PRIMARY KEY (`id`),
  ADD KEY `oauth_clients_user_id_index` (`user_id`);

--
-- Indexes for table `oauth_personal_access_clients`
--
ALTER TABLE `oauth_personal_access_clients`
  ADD PRIMARY KEY (`id`);

--
-- Indexes for table `oauth_refresh_tokens`
--
ALTER TABLE `oauth_refresh_tokens`
  ADD PRIMARY KEY (`id`),
  ADD KEY `oauth_refresh_tokens_access_token_id_index` (`access_token_id`);

--
-- Indexes for table `orders`
--
ALTER TABLE `orders`
  ADD PRIMARY KEY (`id`);

--
-- Indexes for table `order_products`
--
ALTER TABLE `order_products`
  ADD PRIMARY KEY (`id`);

--
-- Indexes for table `password_resets`
--
ALTER TABLE `password_resets`
  ADD KEY `password_resets_email_index` (`email`);

--
-- Indexes for table `permissions`
--
ALTER TABLE `permissions`
  ADD PRIMARY KEY (`id`);

--
-- Indexes for table `products`
--
ALTER TABLE `products`
  ADD PRIMARY KEY (`id`);

--
-- Indexes for table `product_types`
--
ALTER TABLE `product_types`
  ADD PRIMARY KEY (`id`);

--
-- Indexes for table `users`
--
ALTER TABLE `users`
  ADD PRIMARY KEY (`id`),
  ADD UNIQUE KEY `users_email_unique` (`email`);

--
-- Indexes for table `user_accounts`
--
ALTER TABLE `user_accounts`
  ADD PRIMARY KEY (`id`);

--
-- Indexes for table `user_levels`
--
ALTER TABLE `user_levels`
  ADD PRIMARY KEY (`id`);

--
-- Indexes for table `user_permissions`
--
ALTER TABLE `user_permissions`
  ADD PRIMARY KEY (`id`);

--
-- Indexes for table `warehouse_details`
--
ALTER TABLE `warehouse_details`
  ADD PRIMARY KEY (`id`),
  ADD UNIQUE KEY `warehouse_details_email_unique` (`w_email`);

--
-- AUTO_INCREMENT for dumped tables
--

--
-- AUTO_INCREMENT for table `currencies`
--
ALTER TABLE `currencies`
  MODIFY `id` bigint(20) UNSIGNED NOT NULL AUTO_INCREMENT, AUTO_INCREMENT=3;

--
-- AUTO_INCREMENT for table `migrations`
--
ALTER TABLE `migrations`
  MODIFY `id` int(10) UNSIGNED NOT NULL AUTO_INCREMENT, AUTO_INCREMENT=27;

--
-- AUTO_INCREMENT for table `oauth_clients`
--
ALTER TABLE `oauth_clients`
  MODIFY `id` bigint(20) UNSIGNED NOT NULL AUTO_INCREMENT, AUTO_INCREMENT=3;

--
-- AUTO_INCREMENT for table `oauth_personal_access_clients`
--
ALTER TABLE `oauth_personal_access_clients`
  MODIFY `id` bigint(20) UNSIGNED NOT NULL AUTO_INCREMENT, AUTO_INCREMENT=2;

--
-- AUTO_INCREMENT for table `orders`
--
ALTER TABLE `orders`
  MODIFY `id` bigint(20) UNSIGNED NOT NULL AUTO_INCREMENT, AUTO_INCREMENT=5;

--
-- AUTO_INCREMENT for table `order_products`
--
ALTER TABLE `order_products`
  MODIFY `id` bigint(20) UNSIGNED NOT NULL AUTO_INCREMENT, AUTO_INCREMENT=4;

--
-- AUTO_INCREMENT for table `permissions`
--
ALTER TABLE `permissions`
  MODIFY `id` bigint(20) UNSIGNED NOT NULL AUTO_INCREMENT, AUTO_INCREMENT=6;

--
-- AUTO_INCREMENT for table `products`
--
ALTER TABLE `products`
  MODIFY `id` bigint(20) UNSIGNED NOT NULL AUTO_INCREMENT, AUTO_INCREMENT=4;

--
-- AUTO_INCREMENT for table `product_types`
--
ALTER TABLE `product_types`
  MODIFY `id` bigint(20) UNSIGNED NOT NULL AUTO_INCREMENT, AUTO_INCREMENT=8;

--
-- AUTO_INCREMENT for table `users`
--
ALTER TABLE `users`
  MODIFY `id` bigint(20) UNSIGNED NOT NULL AUTO_INCREMENT, AUTO_INCREMENT=30;

--
-- AUTO_INCREMENT for table `user_accounts`
--
ALTER TABLE `user_accounts`
  MODIFY `id` bigint(20) UNSIGNED NOT NULL AUTO_INCREMENT, AUTO_INCREMENT=24;

--
-- AUTO_INCREMENT for table `user_levels`
--
ALTER TABLE `user_levels`
  MODIFY `id` bigint(20) UNSIGNED NOT NULL AUTO_INCREMENT, AUTO_INCREMENT=8;

--
-- AUTO_INCREMENT for table `user_permissions`
--
ALTER TABLE `user_permissions`
  MODIFY `id` bigint(20) UNSIGNED NOT NULL AUTO_INCREMENT, AUTO_INCREMENT=8;

--
-- AUTO_INCREMENT for table `warehouse_details`
--
ALTER TABLE `warehouse_details`
  MODIFY `id` bigint(20) UNSIGNED NOT NULL AUTO_INCREMENT, AUTO_INCREMENT=9;
COMMIT;

/*!40101 SET CHARACTER_SET_CLIENT=@OLD_CHARACTER_SET_CLIENT */;
/*!40101 SET CHARACTER_SET_RESULTS=@OLD_CHARACTER_SET_RESULTS */;
/*!40101 SET COLLATION_CONNECTION=@OLD_COLLATION_CONNECTION */;
